,0
"
GANADARA (Feat. 아이유)
","
박재범
"
"
듣고 싶을까
","
MSG워너비(M.O.M)
"
"
사랑인가 봐
","
멜로망스(MeloMance)
"
"
INVU
","
태연 (TAEYEON)
"
"
꽃 (With 김민석 of 멜로망스)
","
박봄 (Park Bom)
"
"
RUN2U
","
STAYC(스테이씨)
"
"
어제처럼
","
폴킴(Paul Kim)
"
"
존재만으로
","
원슈타인
"
"
SMILEY (Feat. BIBI)
","
YENA (최예나)
"
"
With
","

김태리(Kim Tae Ri)


김태리(Kim Tae Ri)
 "
"
사랑은 늘 도망가
","
임영웅
"
"
abcdefu
","
GAYLE
"
"
사랑인걸
","
한동근
"
"
니가 내리는 날에
","
존 박
"
"
취중고백
","
김민석 (멜로망스)
"
"
너머 (The Other Side)
","

백예린 (Yerin Baek)


백예린 (Yerin Baek)
 "
"
Starlight
","
태일 (TAEIL)
"
"
손을 잡는다거나, 같이 걷는다거나
","
적재
"
"
Stronger (What Doesn't Kill You)
","
Kelly Clarkson(켈리 클락슨)
"
"
신호등
","
이무진
"
"
O.O
","
NMIXX
"
"
아주, 천천히
","
비비(BIBI)
"
"
ELEVEN
","
IVE (아이브)
"
"
Can't Control Myself
","
태연 (TAEYEON)
"
"
Step Back
","
GOT the beat
"
"
Weekend
","
태연 (TAEYEON)
"
"
드라마
","
아이유(IU)
"
"
그런 밤 (Some Nights)
","
태연 (TAEYEON)
"
"
새벽을 믿지 말자
","

개코


개코
 "
"
Dreams Come True
","
aespa
"
"
언제나 사랑해
","
케이시
"
"
Next Level
","
aespa
"
"
어른아이 (Toddler)
","
태연 (TAEYEON)
"
"
노래 (The Song)
","
비투비
"
"
Counting Stars (Feat. Beenzino)
","
BE'O (비오)
"
"
STAY
","

The Kid LAROI


The Kid LAROI
 "
"
스물다섯, 스물하나
","
자우림(Jaurim)
"
"
strawberry moon
","
아이유(IU)
"
"
그래서 그래 (Feat. 윤하)
","
에픽하이 (EPIK HIGH)
"
"
Stardust love song
","
지효 (TWICE)
"
"
다정히 내 이름을 부르면
","

경서예지


경서예지
 "
"
Light Switch
","
Charlie Puth(찰리 푸스)
"
"
회전목마 (Feat. Zion.T, 원슈타인) (Prod. Slom)
","
sokodomo
"
"
우리가 헤어져야 했던 이유
","
비비(BIBI)
"
"
내 생에 아름다운
","
이예준
"
"
서랍
","
10CM
"
"
DM
","
프로미스나인
"
"
겨울봄
","
이세계 아이돌
"
"
Savage
","
aespa
"
"
롤린 (Rollin')
","
브레이브걸스(Brave Girls)
"
"
Dynamite
","
방탄소년단
"
"
내 손을 잡아
","
아이유(IU)
"
"
Butter
","
방탄소년단
"
"
Celebrity
","
아이유(IU)
"
"
Permission to Dance
","
방탄소년단
"
"
너, 너 (N번째 연애 X 휘인 (Whee In))
","
휘인(Whee In)
"
"
Complicated/Overrated
","
The Millennial Club
"
"
My Universe
","

Coldplay(콜드플레이)


Coldplay(콜드플레이)
 "
"
문득
","
BE'O (비오)
"
"
BOP BOP!
","
VIVIZ (비비지)
"
"
Antifreeze
","
백예린 (Yerin Baek)
"
"
Christmas Tree
","
V
"
"
눈이 오잖아(Feat.헤이즈)
","
이무진
"
"
라일락
","
아이유(IU)
"
"
Bam Bam (feat. Ed Sheeran)
","
Camila Cabello(카밀라 카베요)
"
"
겨울잠
","
아이유(IU)
"
"
대낮에 한 이별
","

선예


선예
 "
"
여름비
","
샘김(Sam Kim)
"
"
Blueming
","
아이유(IU)
"
"
리무진 (Feat. MINO) (Prod. GRAY)
","
BE'O (비오)
"
"
만남은 쉽고 이별은 어려워 (Feat. Leellamarz) (Prod. TOIL)
","
베이식(Basick)
"
"
낙하 (with 아이유)
","
AKMU(악뮤)
"
"
바라만 본다
","
MSG워너비(M.O.M)
"
"
호랑수월가
","
탑현
"
"
Sweetest Pie
","

Megan Thee Stallion(메건 더 스탤리언)


Megan Thee Stallion(메건 더 스탤리언)
 "
"
너 아니면 안돼
","
먼데이 키즈(Monday Kiz)
"
"
마음주의보
","
온유 (ONEW)
"
"
모든 날, 모든 순간 (Every day, Every Moment)
","
폴킴(Paul Kim)
"
"
눈이 부시도록 너를 비춰줄게
","
배기성
"
"
헤픈 우연
","
헤이즈(Heize)
"
"
너를 생각해
","
주시크 (Joosiq)
"
"
사랑이 잘 (With 오혁)
","
아이유(IU)
"
"
SPACE MAN
","
Sam Ryder
"
"
Leave Before You Love Me
","

Marshmello(마시멜로)


Marshmello(마시멜로)
 "
"
iPad
","
The Chainsmokers(체인스모커스)
"
"
세 사람
","
이무진
"
"
잊을 수 있을까
","
노을
"
"
She (Hidden Track No.V 1월 선정곡)
","
잔나비
"
"
Tiny Riot
","
Sam Ryder
"
"
Bad Habits
","
Ed Sheeran(에드 시런)
"
"
나는 트로트가 싫어요
","
임창정
"
"
잠시
","
방탄소년단
"
"
너의 모든 순간
","
성시경
"
"
I'm Not Cool
","
현아
"
"
그대를 사랑하는 10가지 이유
","
이석훈
"
"
별거 없던 그 하루로
","
임창정
"
"
WA DA DA
","
Kep1er (케플러)
"
"
Go!
","
도겸 (SEVENTEEN)
"
"
ESPER
","
권은비
"
"
마지막 인사
","
BIGBANG
"
